mysql> CREATE TABLE Worker ( WORKER_ID INT NOT NULL PRIMARY KEY AUTO_INCREMENT, FIRST_NAME CHAR(25), LAST_NAME CHAR(25), SALARY INT(15),JOINING_DATE DATETIME, DEPARTMENT CHAR(25) );
Query OK, 0 rows affected, 1 warning (0.03 sec)

mysql> INSERT INTO Worker (WORKER_ID, FIRST_NAME, LAST_NAME, SALARY, JOINING_DATE, DEPARTMENT) VALUES (001, 'Monika', 'Arora', 100000, '2014-02-20 09:00:00', 'HR'), (002, 'Niharika', 'Verma', 80000, '2014-06-11 09:00:00', 'Admin'), (003, 'Vishal', 'Singhal', 300000, '2014-02-20 09:00:00', 'HR'), (004, 'Amitabh', 'Singh', 500000, '2014-02-20 09:00:00', 'Admin'), (005, 'Vivek', 'Bhati', 500000, '2014-06-11 09:00:00', 'Admin'), (006, 'Vipul', 'Diwan', 200000, '2014-06-11 09:00:00', 'Account'), (007, 'Satish', 'Kumar', 75000, '2014-01-20 09:00:00', 'Account'), (008, 'Geetika', 'Chauhan', 90000, '2014-04-11 09:00:00', 'Admin');
Query OK, 8 rows affected (0.01 sec)
Records: 8  Duplicates: 0  Warnings: 0

mysql> 
mysql> CREATE TABLE Bonus ( WORKER_REF_ID INT NOT NULL, BONUS_DATE DATETIME, BONUS_AMOUNT INT);
Query OK, 0 rows affected (0.03 sec)

mysql> INSERT INTO Bonus (WORKER_REF_ID, BONUS_DATE, BONUS_AMOUNT) VALUES (1, '2016-02-20 00:00:00', 5000), (2, '2016-06-11 00:00:00', 3000), (3, '2016-02-20 00:00:00', 4000), (1, '2016-02-20 00:00:00', 4500), (2, '2016-06-11 00:00:00', 3500);
Query OK, 5 rows affected (0.00 sec)
Records: 5  Duplicates: 0  Warnings: 0

mysql> CREATE TABLE Title ( WORKER_REF_ID INT NOT NULL, WORKER_TITLE VARCHAR(50), AFFECTED_FROM DATETIME, PRIMARY KEY (WORKER_REF_ID, AFFECTED_FROM));
Query OK, 0 rows affected (0.02 sec)

mysql> INSERT INTO Title (WORKER_REF_ID, WORKER_TITLE, AFFECTED_FROM) VALUES (1, 'Manager', '2016-02-20 00:00:00'), (2, 'Executive', '2016-06-11 00:00:00'), (8, 'Executive', '2016-06-11 00:00:00'), (5, 'Manager', '2016-06-11 00:00:00'), (4, 'Asst. Manager', '2016-06-11 00:00:00'), (7, 'Executive', '2016-06-11 00:00:00'), (6, 'Lead', '2016-06-11 00:00:00'), (3, 'Lead', '2016-06-11 00:00:00');
Query OK, 8 rows affected (0.01 sec)
Records: 8  Duplicates: 0  Warnings: 0

mysql> select * from Worker;
+-----------+------------+-----------+--------+---------------------+------------+
| WORKER_ID | FIRST_NAME | LAST_NAME | SALARY | JOINING_DATE        | DEPARTMENT |
+-----------+------------+-----------+--------+---------------------+------------+
|         1 | Monika     | Arora     | 100000 | 2014-02-20 09:00:00 | HR         |
|         2 | Niharika   | Verma     |  80000 | 2014-06-11 09:00:00 | Admin      |
|         3 | Vishal     | Singhal   | 300000 | 2014-02-20 09:00:00 | HR         |
|         4 | Amitabh    | Singh     | 500000 | 2014-02-20 09:00:00 | Admin      |
|         5 | Vivek      | Bhati     | 500000 | 2014-06-11 09:00:00 | Admin      |
|         6 | Vipul      | Diwan     | 200000 | 2014-06-11 09:00:00 | Account    |
|         7 | Satish     | Kumar     |  75000 | 2014-01-20 09:00:00 | Account    |
|         8 | Geetika    | Chauhan   |  90000 | 2014-04-11 09:00:00 | Admin      |
+-----------+------------+-----------+--------+---------------------+------------+
8 rows in set (0.00 sec)

mysql> select * from Bonus;
+---------------+---------------------+--------------+
| WORKER_REF_ID | BONUS_DATE          | BONUS_AMOUNT |
+---------------+---------------------+--------------+
|             1 | 2016-02-20 00:00:00 |         5000 |
|             2 | 2016-06-11 00:00:00 |         3000 |
|             3 | 2016-02-20 00:00:00 |         4000 |
|             1 | 2016-02-20 00:00:00 |         4500 |
|             2 | 2016-06-11 00:00:00 |         3500 |
+---------------+---------------------+--------------+
5 rows in set (0.00 sec)

mysql> select * from Title;
+---------------+---------------+---------------------+
| WORKER_REF_ID | WORKER_TITLE  | AFFECTED_FROM       |
+---------------+---------------+---------------------+
|             1 | Manager       | 2016-02-20 00:00:00 |
|             2 | Executive     | 2016-06-11 00:00:00 |
|             3 | Lead          | 2016-06-11 00:00:00 |
|             4 | Asst. Manager | 2016-06-11 00:00:00 |
|             5 | Manager       | 2016-06-11 00:00:00 |
|             6 | Lead          | 2016-06-11 00:00:00 |
|             7 | Executive     | 2016-06-11 00:00:00 |
|             8 | Executive     | 2016-06-11 00:00:00 |
+---------------+---------------+---------------------+
8 rows in set (0.00 sec)

mysql> select FIRST_NAME as WORKER_NAME FROM Worker;
+-------------+
| WORKER_NAME |
+-------------+
| Monika      |
| Niharika    |
| Vishal      |
| Amitabh     |
| Vivek       |
| Vipul       |
| Satish      |
| Geetika     |
+-------------+
8 rows in set (0.00 sec)

mysql> select UPPER(FIRST_NAME) FROM Worker;
+-------------------+
| UPPER(FIRST_NAME) |
+-------------------+
| MONIKA            |
| NIHARIKA          |
| VISHAL            |
| AMITABH           |
| VIVEK             |
| VIPUL             |
| SATISH            |
| GEETIKA           |
+-------------------+
8 rows in set (0.00 sec)

mysql> select DISTINCT DEPARTMENT FROM Worker;
+------------+
| DEPARTMENT |
+------------+
| HR         |
| Admin      |
| Account    |
+------------+
3 rows in set (0.00 sec)

mysql> SELECT SUBSTRING( FIRST_NAME, 1,3) FROM Worker;
+-----------------------------+
| SUBSTRING( FIRST_NAME, 1,3) |
+-----------------------------+
| Mon                         |
| Nih                         |
| Vis                         |
| Ami                         |
| Viv                         |
| Vip                         |
| Sat                         |
| Gee                         |
+-----------------------------+
8 rows in set (0.00 sec)

mysql> SELECT POSITION("a" IN FIRST_NAME) FROM Worker WHERE FIRST_NAME = "Amitabh";
+-----------------------------+
| POSITION("a" IN FIRST_NAME) |
+-----------------------------+
|                           1 |
+-----------------------------+
1 row in set (0.00 sec)

mysql> SELECT * FROM Worker ORDER BY FIRST_NAME;
+-----------+------------+-----------+--------+---------------------+------------+
| WORKER_ID | FIRST_NAME | LAST_NAME | SALARY | JOINING_DATE        | DEPARTMENT |
+-----------+------------+-----------+--------+---------------------+------------+
|         4 | Amitabh    | Singh     | 500000 | 2014-02-20 09:00:00 | Admin      |
|         8 | Geetika    | Chauhan   |  90000 | 2014-04-11 09:00:00 | Admin      |
|         1 | Monika     | Arora     | 100000 | 2014-02-20 09:00:00 | HR         |
|         2 | Niharika   | Verma     |  80000 | 2014-06-11 09:00:00 | Admin      |
|         7 | Satish     | Kumar     |  75000 | 2014-01-20 09:00:00 | Account    |
|         6 | Vipul      | Diwan     | 200000 | 2014-06-11 09:00:00 | Account    |
|         3 | Vishal     | Singhal   | 300000 | 2014-02-20 09:00:00 | HR         |
|         5 | Vivek      | Bhati     | 500000 | 2014-06-11 09:00:00 | Admin      |
+-----------+------------+-----------+--------+---------------------+------------+
8 rows in set (0.00 sec)

mysql> SELECT * FROM Worker ORDER BY FIRST_NAME ASC, DEPARTMENT DESC;
+-----------+------------+-----------+--------+---------------------+------------+
| WORKER_ID | FIRST_NAME | LAST_NAME | SALARY | JOINING_DATE        | DEPARTMENT |
+-----------+------------+-----------+--------+---------------------+------------+
|         4 | Amitabh    | Singh     | 500000 | 2014-02-20 09:00:00 | Admin      |
|         8 | Geetika    | Chauhan   |  90000 | 2014-04-11 09:00:00 | Admin      |
|         1 | Monika     | Arora     | 100000 | 2014-02-20 09:00:00 | HR         |
|         2 | Niharika   | Verma     |  80000 | 2014-06-11 09:00:00 | Admin      |
|         7 | Satish     | Kumar     |  75000 | 2014-01-20 09:00:00 | Account    |
|         6 | Vipul      | Diwan     | 200000 | 2014-06-11 09:00:00 | Account    |
|         3 | Vishal     | Singhal   | 300000 | 2014-02-20 09:00:00 | HR         |
|         5 | Vivek      | Bhati     | 500000 | 2014-06-11 09:00:00 | Admin      |
+-----------+------------+-----------+--------+---------------------+------------+
8 rows in set (0.00 sec)

mysql> SELECT * FROM Worker WHERE FIRST_NAME IN ("Vipul","Satish");
+-----------+------------+-----------+--------+---------------------+------------+
| WORKER_ID | FIRST_NAME | LAST_NAME | SALARY | JOINING_DATE        | DEPARTMENT |
+-----------+------------+-----------+--------+---------------------+------------+
|         6 | Vipul      | Diwan     | 200000 | 2014-06-11 09:00:00 | Account    |
|         7 | Satish     | Kumar     |  75000 | 2014-01-20 09:00:00 | Account    |
+-----------+------------+-----------+--------+---------------------+------------+
2 rows in set (0.00 sec)

ysql> SELECT * FROM Worker WHERE FIRST_NAME NOT IN ("Vipul","Satish");
+-----------+------------+-----------+--------+---------------------+------------+
| WORKER_ID | FIRST_NAME | LAST_NAME | SALARY | JOINING_DATE        | DEPARTMENT |
+-----------+------------+-----------+--------+---------------------+------------+
|         1 | Monika     | Arora     | 100000 | 2014-02-20 09:00:00 | HR         |
|         2 | Niharika   | Verma     |  80000 | 2014-06-11 09:00:00 | Admin      |
|         3 | Vishal     | Singhal   | 300000 | 2014-02-20 09:00:00 | HR         |
|         4 | Amitabh    | Singh     | 500000 | 2014-02-20 09:00:00 | Admin      |
|         5 | Vivek      | Bhati     | 500000 | 2014-06-11 09:00:00 | Admin      |
|         8 | Geetika    | Chauhan   |  90000 | 2014-04-11 09:00:00 | Admin      |
+-----------+------------+-----------+--------+---------------------+------------+
6 rows in set (0.00 sec)

mysql> SELECT * FROM Worker WHERE DEPARTMENT = "Admin";
+-----------+------------+-----------+--------+---------------------+------------+
| WORKER_ID | FIRST_NAME | LAST_NAME | SALARY | JOINING_DATE        | DEPARTMENT |
+-----------+------------+-----------+--------+---------------------+------------+
|         2 | Niharika   | Verma     |  80000 | 2014-06-11 09:00:00 | Admin      |
|         4 | Amitabh    | Singh     | 500000 | 2014-02-20 09:00:00 | Admin      |
|         5 | Vivek      | Bhati     | 500000 | 2014-06-11 09:00:00 | Admin      |
|         8 | Geetika    | Chauhan   |  90000 | 2014-04-11 09:00:00 | Admin      |
+-----------+------------+-----------+--------+---------------------+------------+
4 rows in set (0.00 sec)

mysql> SELECT * FROM Worker WHERE FIRST_NAME LIKE "%a%";
+-----------+------------+-----------+--------+---------------------+------------+
| WORKER_ID | FIRST_NAME | LAST_NAME | SALARY | JOINING_DATE        | DEPARTMENT |
+-----------+------------+-----------+--------+---------------------+------------+
|         1 | Monika     | Arora     | 100000 | 2014-02-20 09:00:00 | HR         |
|         2 | Niharika   | Verma     |  80000 | 2014-06-11 09:00:00 | Admin      |
|         3 | Vishal     | Singhal   | 300000 | 2014-02-20 09:00:00 | HR         |
|         4 | Amitabh    | Singh     | 500000 | 2014-02-20 09:00:00 | Admin      |
|         7 | Satish     | Kumar     |  75000 | 2014-01-20 09:00:00 | Account    |
|         8 | Geetika    | Chauhan   |  90000 | 2014-04-11 09:00:00 | Admin      |
+-----------+------------+-----------+--------+---------------------+------------+
6 rows in set (0.00 sec)

mysql> SELECT * FROM Worker WHERE FIRST_NAME LIKE "%a";
+-----------+------------+-----------+--------+---------------------+------------+
| WORKER_ID | FIRST_NAME | LAST_NAME | SALARY | JOINING_DATE        | DEPARTMENT |
+-----------+------------+-----------+--------+---------------------+------------+
|         1 | Monika     | Arora     | 100000 | 2014-02-20 09:00:00 | HR         |
|         2 | Niharika   | Verma     |  80000 | 2014-06-11 09:00:00 | Admin      |
|         8 | Geetika    | Chauhan   |  90000 | 2014-04-11 09:00:00 | Admin      |
+-----------+------------+-----------+--------+---------------------+------------+
3 rows in set (0.00 sec)

mysql> SELECT * FROM Worker WHERE FIRST_NAME LIKE "_____h";
+-----------+------------+-----------+--------+---------------------+------------+
| WORKER_ID | FIRST_NAME | LAST_NAME | SALARY | JOINING_DATE        | DEPARTMENT |
+-----------+------------+-----------+--------+---------------------+------------+
|         7 | Satish     | Kumar     |  75000 | 2014-01-20 09:00:00 | Account    |
+-----------+------------+-----------+--------+---------------------+------------+
1 row in set (0.00 sec)

mysql> SELECT * FROM Worker WHERE SALARY BETWEEN 100000 AND 500000;
+-----------+------------+-----------+--------+---------------------+------------+
| WORKER_ID | FIRST_NAME | LAST_NAME | SALARY | JOINING_DATE        | DEPARTMENT |
+-----------+------------+-----------+--------+---------------------+------------+
|         1 | Monika     | Arora     | 100000 | 2014-02-20 09:00:00 | HR         |
|         3 | Vishal     | Singhal   | 300000 | 2014-02-20 09:00:00 | HR         |
|         4 | Amitabh    | Singh     | 500000 | 2014-02-20 09:00:00 | Admin      |
|         5 | Vivek      | Bhati     | 500000 | 2014-06-11 09:00:00 | Admin      |
|         6 | Vipul      | Diwan     | 200000 | 2014-06-11 09:00:00 | Account    |
+-----------+------------+-----------+--------+---------------------+------------+
5 rows in set (0.00 sec)

mysql> SELECT COUNT(DEPARTMENT) FROM Worker WHERE DEPARTMENT = "Admin";
+-------------------+
| COUNT(DEPARTMENT) |
+-------------------+
|                 4 |
+-------------------+
1 row in set (0.00 sec)

mysql> SELECT * FROM Worker WHERE SALARY >= 50000 AND SALARY <= 100000;
+-----------+------------+-----------+--------+---------------------+------------+
| WORKER_ID | FIRST_NAME | LAST_NAME | SALARY | JOINING_DATE        | DEPARTMENT |
+-----------+------------+-----------+--------+---------------------+------------+
|         1 | Monika     | Arora     | 100000 | 2014-02-20 09:00:00 | HR         |
|         2 | Niharika   | Verma     |  80000 | 2014-06-11 09:00:00 | Admin      |
|         7 | Satish     | Kumar     |  75000 | 2014-01-20 09:00:00 | Account    |
|         8 | Geetika    | Chauhan   |  90000 | 2014-04-11 09:00:00 | Admin      |
+-----------+------------+-----------+--------+---------------------+------------+
4 rows in set (0.00 sec)

ysql> SELECT DEPARTMENT, COUNT(WORKER_ID) AS NUM_WORKER FROM Worker GROUP BY DEPARTMENT ORDER BY NUM_WORKER DESC;
+------------+------------+
| DEPARTMENT | NUM_WORKER |
+------------+------------+
| Admin      |          4 |
| HR         |          2 |
| Account    |          2 |
+------------+------------+
3 rows in set (0.00 sec)

mysql> SELECT a.WORKER_ID ,a.FIRST_NAME, a.LAST_NAME, a.SALARY, a.DEPARTMENT, b.WORKER_TITLE, a.JOINING_DATE FROM Worker a JOIN Title b WHERE a.WORKER_ID = b.WORKER_REF_ID AND b.WOR
KER_TITLE = "Manager";
+-----------+------------+-----------+--------+------------+--------------+---------------------+
| WORKER_ID | FIRST_NAME | LAST_NAME | SALARY | DEPARTMENT | WORKER_TITLE | JOINING_DATE        |
+-----------+------------+-----------+--------+------------+--------------+---------------------+
|         1 | Monika     | Arora     | 100000 | HR         | Manager      | 2014-02-20 09:00:00 |
|         5 | Vivek      | Bhati     | 500000 | Admin      | Manager      | 2014-06-11 09:00:00 |
+-----------+------------+-----------+--------+------------+--------------+---------------------+
2 rows in set (0.00 sec)

mysql> SELECT JOINING_DATE FROM Worker INTERSECT SELECT JOINING_DATE FROM Worker;
+---------------------+
| JOINING_DATE        |
+---------------------+
| 2014-02-20 09:00:00 |
| 2014-06-11 09:00:00 |
| 2014-01-20 09:00:00 |
| 2014-04-11 09:00:00 |
+---------------------+
4 rows in set (0.00 sec)

mysql> SELECT * FROM ( SELECT *, ROW_NUMBER() OVER (ORDER BY WORKER_ID) as row_num FROM Worker) as t WHERE t.row_num % 2 = 1;
+-----------+------------+-----------+--------+---------------------+------------+---------+
| WORKER_ID | FIRST_NAME | LAST_NAME | SALARY | JOINING_DATE        | DEPARTMENT | row_num |
+-----------+------------+-----------+--------+---------------------+------------+---------+
|         1 | Monika     | Arora     | 100000 | 2014-02-20 09:00:00 | HR         |       1 |
|         3 | Vishal     | Singhal   | 300000 | 2014-02-20 09:00:00 | HR         |       3 |
|         5 | Vivek      | Bhati     | 500000 | 2014-06-11 09:00:00 | Admin      |       5 |
|         7 | Satish     | Kumar     |  75000 | 2014-01-20 09:00:00 | Account    |       7 |
+-----------+------------+-----------+--------+---------------------+------------+---------+
4 rows in set (0.00 sec)

mysql> SELECT * FROM ( SELECT *, ROW_NUMBER() OVER (ORDER BY WORKER_ID) as row_num FROM Worker) as t WHERE t.row_num % 2 = 0;
+-----------+------------+-----------+--------+---------------------+------------+---------+
| WORKER_ID | FIRST_NAME | LAST_NAME | SALARY | JOINING_DATE        | DEPARTMENT | row_num |
+-----------+------------+-----------+--------+---------------------+------------+---------+
|         2 | Niharika   | Verma     |  80000 | 2014-06-11 09:00:00 | Admin      |       2 |
|         4 | Amitabh    | Singh     | 500000 | 2014-02-20 09:00:00 | Admin      |       4 |
|         6 | Vipul      | Diwan     | 200000 | 2014-06-11 09:00:00 | Account    |       6 |
|         8 | Geetika    | Chauhan   |  90000 | 2014-04-11 09:00:00 | Admin      |       8 |
+-----------+------------+-----------+--------+---------------------+------------+---------+
4 rows in set (0.00 sec)

mysql> CREATE TABLE ALL_DATA SELECT a.*,b.* FROM Worker a JOIN Title b WHERE a.WORKER_ID = b.WORKER_REF_ID;
Query OK, 8 rows affected (0.02 sec)
Records: 8  Duplicates: 0  Warnings: 0

mysql> select * from ALL_DATA;
+-----------+------------+-----------+--------+---------------------+------------+---------------+---------------+---------------------+
| WORKER_ID | FIRST_NAME | LAST_NAME | SALARY | JOINING_DATE        | DEPARTMENT | WORKER_REF_ID | WORKER_TITLE  | AFFECTED_FROM       |
+-----------+------------+-----------+--------+---------------------+------------+---------------+---------------+---------------------+
|         1 | Monika     | Arora     | 100000 | 2014-02-20 09:00:00 | HR         |             1 | Manager       | 2016-02-20 00:00:00 |
|         2 | Niharika   | Verma     |  80000 | 2014-06-11 09:00:00 | Admin      |             2 | Executive     | 2016-06-11 00:00:00 |
|         3 | Vishal     | Singhal   | 300000 | 2014-02-20 09:00:00 | HR         |             3 | Lead          | 2016-06-11 00:00:00 |
|         4 | Amitabh    | Singh     | 500000 | 2014-02-20 09:00:00 | Admin      |             4 | Asst. Manager | 2016-06-11 00:00:00 |
|         5 | Vivek      | Bhati     | 500000 | 2014-06-11 09:00:00 | Admin      |             5 | Manager       | 2016-06-11 00:00:00 |
|         6 | Vipul      | Diwan     | 200000 | 2014-06-11 09:00:00 | Account    |             6 | Lead          | 2016-06-11 00:00:00 |
|         7 | Satish     | Kumar     |  75000 | 2014-01-20 09:00:00 | Account    |             7 | Executive     | 2016-06-11 00:00:00 |
|         8 | Geetika    | Chauhan   |  90000 | 2014-04-11 09:00:00 | Admin      |             8 | Executive     | 2016-06-11 00:00:00 |
+-----------+------------+-----------+--------+---------------------+------------+---------------+---------------+---------------------+
8 rows in set (0.00 sec)

mysql> SELECT * FROM Worker;
+-----------+------------+-----------+--------+---------------------+------------+
| WORKER_ID | FIRST_NAME | LAST_NAME | SALARY | JOINING_DATE        | DEPARTMENT |
+-----------+------------+-----------+--------+---------------------+------------+
|         1 | Monika     | Arora     | 100000 | 2014-02-20 09:00:00 | HR         |
|         2 | Niharika   | Verma     |  80000 | 2014-06-11 09:00:00 | Admin      |
|         3 | Vishal     | Singhal   | 300000 | 2014-02-20 09:00:00 | HR         |
|         4 | Amitabh    | Singh     | 500000 | 2014-02-20 09:00:00 | Admin      |
|         5 | Vivek      | Bhati     | 500000 | 2014-06-11 09:00:00 | Admin      |
|         6 | Vipul      | Diwan     | 200000 | 2014-06-11 09:00:00 | Account    |
|         7 | Satish     | Kumar     |  75000 | 2014-01-20 09:00:00 | Account    |
|         8 | Geetika    | Chauhan   |  90000 | 2014-04-11 09:00:00 | Admin      |
+-----------+------------+-----------+--------+---------------------+------------+
8 rows in set (0.00 sec)

mysql> SELECT * FROM EVEN_ROWS;
+-----------+------------+-----------+--------+---------------------+------------+---------+
| WORKER_ID | FIRST_NAME | LAST_NAME | SALARY | JOINING_DATE        | DEPARTMENT | row_num |
+-----------+------------+-----------+--------+---------------------+------------+---------+
|         2 | Niharika   | Verma     |  80000 | 2014-06-11 09:00:00 | Admin      |       2 |
|         4 | Amitabh    | Singh     | 500000 | 2014-02-20 09:00:00 | Admin      |       4 |
|         6 | Vipul      | Diwan     | 200000 | 2014-06-11 09:00:00 | Account    |       6 |
|         8 | Geetika    | Chauhan   |  90000 | 2014-04-11 09:00:00 | Admin      |       8 |
+-----------+------------+-----------+--------+---------------------+------------+---------+
4 rows in set (0.00 sec)

mysql> alter table EVEN_ROWS DROP column row_num;
Query OK, 0 rows affected (0.02 sec)
Records: 0  Duplicates: 0  Warnings: 0

mysql> SELECT * FROM Worker INTERSECT SELECT * FROM EVEN_ROWS;
+-----------+------------+-----------+--------+---------------------+------------+
| WORKER_ID | FIRST_NAME | LAST_NAME | SALARY | JOINING_DATE        | DEPARTMENT |
+-----------+------------+-----------+--------+---------------------+------------+
|         2 | Niharika   | Verma     |  80000 | 2014-06-11 09:00:00 | Admin      |
|         4 | Amitabh    | Singh     | 500000 | 2014-02-20 09:00:00 | Admin      |
|         6 | Vipul      | Diwan     | 200000 | 2014-06-11 09:00:00 | Account    |
|         8 | Geetika    | Chauhan   |  90000 | 2014-04-11 09:00:00 | Admin      |
+-----------+------------+-----------+--------+---------------------+------------+
4 rows in set (0.00 sec)

mysql> SELECT * FROM Worker WHERE NOT EXISTS ( SELECT * FROM EVEN_ROWS WHERE EVEN_ROWS.WORKER_ID = Worker.WORKER_ID);
+-----------+------------+-----------+--------+---------------------+------------+
| WORKER_ID | FIRST_NAME | LAST_NAME | SALARY | JOINING_DATE        | DEPARTMENT |
+-----------+------------+-----------+--------+---------------------+------------+
|         1 | Monika     | Arora     | 100000 | 2014-02-20 09:00:00 | HR         |
|         3 | Vishal     | Singhal   | 300000 | 2014-02-20 09:00:00 | HR         |
|         5 | Vivek      | Bhati     | 500000 | 2014-06-11 09:00:00 | Admin      |
|         7 | Satish     | Kumar     |  75000 | 2014-01-20 09:00:00 | Account    |
+-----------+------------+-----------+--------+---------------------+------------+
4 rows in set (0.00 sec)

mysql> SELECT * FROM Worker LIMIT 10;
+-----------+------------+-----------+--------+---------------------+------------+
| WORKER_ID | FIRST_NAME | LAST_NAME | SALARY | JOINING_DATE        | DEPARTMENT |
+-----------+------------+-----------+--------+---------------------+------------+
|         1 | Monika     | Arora     | 100000 | 2014-02-20 09:00:00 | HR         |
|         2 | Niharika   | Verma     |  80000 | 2014-06-11 09:00:00 | Admin      |
|         3 | Vishal     | Singhal   | 300000 | 2014-02-20 09:00:00 | HR         |
|         4 | Amitabh    | Singh     | 500000 | 2014-02-20 09:00:00 | Admin      |
|         5 | Vivek      | Bhati     | 500000 | 2014-06-11 09:00:00 | Admin      |
|         6 | Vipul      | Diwan     | 200000 | 2014-06-11 09:00:00 | Account    |
|         7 | Satish     | Kumar     |  75000 | 2014-01-20 09:00:00 | Account    |
|         8 | Geetika    | Chauhan   |  90000 | 2014-04-11 09:00:00 | Admin      |
+-----------+------------+-----------+--------+---------------------+------------+
8 rows in set (0.00 sec)

mysql> SELECT FIRST_NAME, SALARY FROM Worker WHERE SALARY IN ( SELECT SALARY FROM Worker GROUP BY SALARY HAVING COUNT(*) > 1);
+------------+--------+
| FIRST_NAME | SALARY |
+------------+--------+
| Amitabh    | 500000 |
| Vivek      | 500000 |
+------------+--------+
2 rows in set (0.00 sec)

mysql> SELECT DISTINCT Salary FROM Worker ORDER BY SALARY DESC LIMIT 1, 1;
+--------+
| Salary |
+--------+
| 300000 |
+--------+
1 row in set (0.00 sec)

mysql> SELECT * FROM Worker INTERSECT SELECT * FROM EVEN_ROWS;
+-----------+------------+-----------+--------+---------------------+------------+
| WORKER_ID | FIRST_NAME | LAST_NAME | SALARY | JOINING_DATE        | DEPARTMENT |
+-----------+------------+-----------+--------+---------------------+------------+
|         2 | Niharika   | Verma     |  80000 | 2014-06-11 09:00:00 | Admin      |
|         4 | Amitabh    | Singh     | 500000 | 2014-02-20 09:00:00 | Admin      |
|         6 | Vipul      | Diwan     | 200000 | 2014-06-11 09:00:00 | Account    |
|         8 | Geetika    | Chauhan   |  90000 | 2014-04-11 09:00:00 | Admin      |
+-----------+------------+-----------+--------+---------------------+------------+
4 rows in set (0.01 sec)

mysql> SELECT t.WORKER_ID,t.FIRST_NAME,t.LAST_NAME, t.SALARY, t.JOINING_DATE, t.DEPARTMENT FROM ( SELECT *,ROW_NUMBER() OVER (ORDER BY WORKER_ID) AS row_num from Worker ) as t WHERE row_num <= (SELECT COUNT(*) / 2 FROM Worker);
+-----------+------------+-----------+--------+---------------------+------------+
| WORKER_ID | FIRST_NAME | LAST_NAME | SALARY | JOINING_DATE        | DEPARTMENT |
+-----------+------------+-----------+--------+---------------------+------------+
|         1 | Monika     | Arora     | 100000 | 2014-02-20 09:00:00 | HR         |
|         2 | Niharika   | Verma     |  80000 | 2014-06-11 09:00:00 | Admin      |
|         3 | Vishal     | Singhal   | 300000 | 2014-02-20 09:00:00 | HR         |
|         4 | Amitabh    | Singh     | 500000 | 2014-02-20 09:00:00 | Admin      |
+-----------+------------+-----------+--------+---------------------+------------+
4 rows in set (0.01 sec)

mysql> select * from (select DEPARTMENT, count(DEPARTMENT) as cnt from Worker GROUP BY DEPARTMENT ORDE
R BY DEPARTMENT) as t WHERE t.cnt < 5;
+------------+-----+
| DEPARTMENT | cnt |
+------------+-----+
| Account    |   2 |
| Admin      |   4 |
| HR         |   2 |
+------------+-----+
3 rows in set (0.00 sec)

mysql> select * from (select DEPARTMENT, count(DEPARTMENT) as cnt from Worker GROUP BY DEPARTMENT ORDER BY DEPARTMENT) as t;
+------------+-----+
| DEPARTMENT | cnt |
+------------+-----+
| Account    |   2 |
| Admin      |   4 |
| HR         |   2 |
+------------+-----+
3 rows in set (0.00 sec)

mysql> SELECT * FROM Worker ORDER BY WORKER_ID DESC LIMIT 1;
+-----------+------------+-----------+--------+---------------------+------------+
| WORKER_ID | FIRST_NAME | LAST_NAME | SALARY | JOINING_DATE        | DEPARTMENT |
+-----------+------------+-----------+--------+---------------------+------------+
|         8 | Geetika    | Chauhan   |  90000 | 2014-04-11 09:00:00 | Admin      |
+-----------+------------+-----------+--------+---------------------+------------+
1 row in set (0.00 sec)

mysql> SELECT * FROM Worker LIMIT 1;
+-----------+------------+-----------+--------+---------------------+------------+
| WORKER_ID | FIRST_NAME | LAST_NAME | SALARY | JOINING_DATE        | DEPARTMENT |
+-----------+------------+-----------+--------+---------------------+------------+
|         1 | Monika     | Arora     | 100000 | 2014-02-20 09:00:00 | HR         |
+-----------+------------+-----------+--------+---------------------+------------+
1 row in set (0.00 sec)

mysql> SELECT * FROM Worker ORDER BY WORKER_ID DESC LIMIT 5;
+-----------+------------+-----------+--------+---------------------+------------+
| WORKER_ID | FIRST_NAME | LAST_NAME | SALARY | JOINING_DATE        | DEPARTMENT |
+-----------+------------+-----------+--------+---------------------+------------+
|         8 | Geetika    | Chauhan   |  90000 | 2014-04-11 09:00:00 | Admin      |
|         7 | Satish     | Kumar     |  75000 | 2014-01-20 09:00:00 | Account    |
|         6 | Vipul      | Diwan     | 200000 | 2014-06-11 09:00:00 | Account    |
|         5 | Vivek      | Bhati     | 500000 | 2014-06-11 09:00:00 | Admin      |
|         4 | Amitabh    | Singh     | 500000 | 2014-02-20 09:00:00 | Admin      |
+-----------+------------+-----------+--------+---------------------+------------+
5 rows in set (0.00 sec)

mysql> SELECT * FROM Worker WHERE (DEPARTMENT, SALARY) IN (SELECT DEPARTMENT, MAX(SALARY) FROM Worker
GROUP BY DEPARTMENT);
+-----------+------------+-----------+--------+---------------------+------------+
| WORKER_ID | FIRST_NAME | LAST_NAME | SALARY | JOINING_DATE        | DEPARTMENT |
+-----------+------------+-----------+--------+---------------------+------------+
|         3 | Vishal     | Singhal   | 300000 | 2014-02-20 09:00:00 | HR         |
|         4 | Amitabh    | Singh     | 500000 | 2014-02-20 09:00:00 | Admin      |
|         5 | Vivek      | Bhati     | 500000 | 2014-06-11 09:00:00 | Admin      |
|         6 | Vipul      | Diwan     | 200000 | 2014-06-11 09:00:00 | Account    |
+-----------+------------+-----------+--------+---------------------+------------+
4 rows in set (0.01 sec)

mysql> SELECT * FROM Worker ORDER BY SALARY DESC LIMIT 3;
+-----------+------------+-----------+--------+---------------------+------------+
| WORKER_ID | FIRST_NAME | LAST_NAME | SALARY | JOINING_DATE        | DEPARTMENT |
+-----------+------------+-----------+--------+---------------------+------------+
|         5 | Vivek      | Bhati     | 500000 | 2014-06-11 09:00:00 | Admin      |
|         4 | Amitabh    | Singh     | 500000 | 2014-02-20 09:00:00 | Admin      |
|         3 | Vishal     | Singhal   | 300000 | 2014-02-20 09:00:00 | HR         |
+-----------+------------+-----------+--------+---------------------+------------+
3 rows in set (0.00 sec)

mysql> SELECT * FROM (SELECT DEPARTMENT, SUM(SALARY) FROM Worker GROUP BY DEPARTMENT) AS T;
+------------+-------------+
| DEPARTMENT | SUM(SALARY) |
+------------+-------------+
| HR         |      400000 |
| Admin      |     1170000 |
| Account    |      275000 |
+------------+-------------+
3 rows in set (0.00 sec)

mysql> SELECT * FROM  Worker WHERE SALARY IN ( SELECT SALARY FROM Worker GROUP BY SALARY HAVING COUNT(*) >1);
+-----------+------------+-----------+--------+---------------------+------------+
| WORKER_ID | FIRST_NAME | LAST_NAME | SALARY | JOINING_DATE        | DEPARTMENT |
+-----------+------------+-----------+--------+---------------------+------------+
|         4 | Amitabh    | Singh     | 500000 | 2014-02-20 09:00:00 | Admin      |
|         5 | Vivek      | Bhati     | 500000 | 2014-06-11 09:00:00 | Admin      |
+-----------+------------+-----------+--------+---------------------+------------+
2 rows in set (0.00 sec)

Database changed
mysql> SELECT * FROM Worker WHERE YEAR(JOINING_DATE) = 2014 AND MONTH(JOINING_DATE) = 2;
+-----------+------------+-----------+--------+---------------------+------------+
| WORKER_ID | FIRST_NAME | LAST_NAME | SALARY | JOINING_DATE        | DEPARTMENT |
+-----------+------------+-----------+--------+---------------------+------------+
|         1 | Monika     | Arora     | 100000 | 2014-02-20 09:00:00 | HR         |
|         3 | Vishal     | Singhal   | 300000 | 2014-02-20 09:00:00 | HR         |
|         4 | Amitabh    | Singh     | 500000 | 2014-02-20 09:00:00 | Admin      |
+-----------+------------+-----------+--------+---------------------+------------+
3 rows in set (0.00 sec)
